FACILITY_ID,TOWER_ID,FAC_CALLSIGN,FAC_CHANNEL,FAC_SERVICE,COUNTY,STATE,LOCATION_TYPE,LATITUDE,LONGITUDE,COORD_RADIUS,END_OF_LINE                                                                                            
     999101,     30153,WIJ783              ,         19,YK   ,MONMOUTH                                          ,NJ                                                ,F    ,40.2037222,74.2704167,            ,;              
     999102,     30143,WIJ783              ,         19,YK   ,MONMOUTH                                          ,NJ                                                ,F    ,40.3959444,74.1745833,            ,;              
     999105,     30153,WIJ783              ,         20,YK   ,MONMOUTH                                          ,NJ                                                ,F    ,40.2037222,74.2704167,            ,;              
     999106,     30143,WIJ783              ,         20,YK   ,MONMOUTH                                          ,NJ                                                ,F    ,40.3959444,74.1745833,            ,;              
     999109,     30123,WIK355              ,         19,PW   ,SOMERSET                                          ,NJ                                                ,F    ,40.5692778,    74.611,            ,;              
     999111,     30111,WIK841              ,         19,PW   ,SOMERSET                                          ,NJ                                                ,F    ,   40.6215,74.5037778,            ,;              
     999112,     30120,WIK841              ,         19,PW   ,SOMERSET                                          ,NJ                                                ,F    ,40.5848333,74.4926667,            ,;              
     999113,     30106,WIK841              ,         19,PW   ,SOMERSET                                          ,NJ                                                ,F    ,40.6467778,74.5696111,            ,;              
     999114,     30100,WIK841              ,         19,PW   ,SOMERSET                                          ,NJ                                                ,F    ,40.6517778,74.4762778,            ,;              
     999115,     30107,WIK841              ,         19,PW   ,SOMERSET                                          ,NJ                                                ,F    ,40.6456667,74.5243333,            ,;              
     999117,     30072,WIL429              ,         19,YW   ,ESSEX                                             ,NJ                                                ,F    ,40.8361111,74.2188889,            ,;              
     999118,     30077,WIL429              ,         19,YW   ,ESSEX                                             ,NJ                                                ,F    ,40.8166667,74.2213889,            ,;              
     999120,     30072,WIL429              ,         20,YW   ,ESSEX                                             ,NJ                                                ,F    ,40.8361111,74.2188889,            ,;              
     999121,     30077,WIL429              ,         20,YW   ,ESSEX                                             ,NJ                                                ,F    ,40.8166667,74.2213889,            ,;              
     999123,     30265,WIL552              ,         15,YW   ,OCEAN                                             ,NJ                                                ,F    ,39.9736111,    74.195,            ,;              
     999124,     30271,WIL552              ,         15,YW   ,OCEAN                                             ,NJ                                                ,F    ,39.6020556,74.3448611,            ,;              
     999125,     30157,WIL552              ,         15,YW   ,OCEAN                                             ,NJ                                                ,F    ,40.0828889,74.4829167,            ,;              
     999126,     30156,WIL552              ,         15,YW   ,OCEAN                                             ,NJ                                                ,F    ,40.1021944,  74.16075,            ,;              
     999128,     30265,WIL552              ,         20,YW   ,OCEAN                                             ,NJ                                                ,F    ,39.9736111,    74.195,            ,;              
     999129,     30270,WIL552              ,         20,YW   ,OCEAN                                             ,NJ                                                ,F    ,39.7556667,  74.23125,            ,;              
     999130,     30271,WIL552              ,         20,YW   ,OCEAN                                             ,NJ                                                ,F    ,39.6020556,74.3448611,            ,;              
     999131,     30157,WIL552              ,         20,YW   ,OCEAN                                             ,NJ                                                ,F    ,40.0828889,74.4829167,            ,;              
     999132,     30156,WIL552              ,         20,YW   ,OCEAN                                             ,NJ                                                ,F    ,40.1021944,  74.16075,            ,;              
     999133,     30266,WIL552              ,         20,YW   ,OCEAN                                             ,NJ                                                ,F    ,39.9528889,74.1940278,            ,;              
     999135,     30060,WIL599              ,         19,PW   ,PASSAIC                                           ,NJ                                                ,F    ,40.9631667,74.2559722,            ,;              
     999136,     30062,WIL599              ,         19,PW   ,PASSAIC                                           ,NJ                                                ,F    ,40.9292778,74.2301389,            ,;              
     999138,     30063,WIL636              ,         19,PW   ,PASSAIC                                           ,NJ                                                ,F    ,40.9062222,74.1768056,            ,;              
     999139,     30064,WIL636              ,         19,PW   ,PASSAIC                                           ,NJ                                                ,F    ,40.9117778,74.1568056,            ,;              
     999141,     30082,WIL676              ,         19,PW   ,HUDSON                                            ,NJ                                                ,F    ,40.7645556,74.1479167,            ,;              
     999143,     30087,WIL676              ,         19,PW   ,HUDSON                                            ,NJ                                                ,F    ,40.7262778,  74.11025,            ,;              
     999144,     30148,WIL678              ,         19,PW   ,MONMOUTH                                          ,NJ                                                ,F    ,40.2642778,74.2781944,            ,;              
     999145,     30149,WIL678              ,         19,PW   ,MONMOUTH                                          ,NJ                                                ,F    ,40.2642778,74.2779167,            ,;              
     999147,     30121,WIL720              ,         19,PW   ,MIDDLESEX                                         ,NJ                                                ,F    ,    40.584,74.4173611,            ,;              
     999148,     30125,WIL720              ,         19,PW   ,MIDDLESEX                                         ,NJ                                                ,F    ,40.5820556,74.4131944,            ,;              
     999150,     30074,WIL791              ,         19,PW   ,BERGEN                                            ,NJ                                                ,F    ,40.8342778,74.0515278,            ,;              
     999152,     30098,WIL797              ,         19,PW   ,UNION                                             ,NJ                                                ,F    ,40.6826111,  74.40625,            ,;              
     999154,     30164,WIL824              ,         19,PW   ,BERGEN                                            ,NJ                                                ,F    ,40.8242778,73.9884722,            ,;              
     999156,     30131,WIL900              ,         14,YW   ,SOMERSET                                          ,NJ                                                ,F    ,40.5317778,74.6326667,            ,;              
     999157,     30137,WIL900              ,         14,YW   ,SOMERSET                                          ,NJ                                                ,F    ,40.4708333,74.7277778,            ,;              
     999158,     30089,WIL900              ,         14,YW   ,SOMERSET                                          ,NJ                                                ,F    ,40.7023611,74.5816667,            ,;              
     999159,     30114,WIL900              ,         14,YW   ,SOMERSET                                          ,NJ                                                ,F    ,40.6114167,74.5697222,            ,;              
     999161,     30124,WIL900              ,         14,YW   ,SOMERSET                                          ,NJ                                                ,F    ,40.5691667,74.6111111,            ,;              
     999162,     30131,WIL900              ,         19,YW   ,SOMERSET                                          ,NJ                                                ,F    ,40.5317778,74.6326667,            ,;              
     999163,     30137,WIL900              ,         19,YW   ,SOMERSET                                          ,NJ                                                ,F    ,40.4708333,74.7277778,            ,;              
     999164,     30089,WIL900              ,         19,YW   ,SOMERSET                                          ,NJ                                                ,F    ,40.7023611,74.5816667,            ,;              
     999165,     30114,WIL900              ,         19,YW   ,SOMERSET                                          ,NJ                                                ,F    ,40.6114167,74.5697222,            ,;              
     999166,     30115,WIL900              ,         19,YW   ,SOMERSET                                          ,NJ                                                ,F    ,    40.604,   74.4885,            ,;              
     999168,     30124,WIL900              ,         19,YW   ,SOMERSET                                          ,NJ                                                ,F    ,40.5691667,74.6111111,            ,;              
     999169,     30081,WIL924              ,         19,PW   ,ESSEX                                             ,NJ                                                ,F    ,40.7667778,74.2329167,            ,;              
     999170,     30080,WIL924              ,         19,PW   ,ESSEX                                             ,NJ                                                ,F    ,40.7681667,74.2351389,            ,;              
     999173,     30071,WIL942              ,         19,PW   ,BERGEN                                            ,NJ                                                ,F    ,40.8592778,74.0245833,            ,;              
     999175,     30118,WIL967              ,         19,PW   ,UNION                                             ,NJ                                                ,F    ,40.6042778,74.2745833,            ,;              
     999177,     30134,WIM222              ,         19,PW   ,MIDDLESEX                                         ,NJ                                                ,F    ,40.5070556,74.2640278,            ,;              
     999179,     30099,WIM531              ,         19,PW   ,UNION                                             ,NJ                                                ,F    ,40.6709444,74.2195833,            ,;              
     999180,     30103,WIM531              ,         19,PW   ,UNION                                             ,NJ                                                ,F    ,40.6620556,74.2156944,            ,;              
     999182,     30146,WIM583              ,         19,PW   ,MONMOUTH                                          ,NJ                                                ,F    ,40.3317778,74.2298611,            ,;              
     999183,     30145,WIM583              ,         19,PW   ,MONMOUTH                                          ,NJ                                                ,F    ,40.3270556,74.2659722,            ,;              
     999185,     30144,WIM583              ,         19,PW   ,MONMOUTH                                          ,NJ                                                ,F    ,40.3281944,74.2708889,            ,;              
     999186,     30079,WIM608              ,         19,IG   ,ESSEX                                             ,NJ                                                ,F    ,   40.8015,74.2451389,            ,;              
     999188,     30073,WIM835              ,         19,PW   ,BERGEN                                            ,NJ                                                ,F    ,40.8417778,  74.09375,            ,;              
     999190,     30110,WPGX673             ,         19,PW   ,UNION                                             ,NJ                                                ,F    ,40.6478889,74.2401389,           0,;              
     999192,     30139,WPGX713             ,         19,PW   ,MIDDLESEX                                         ,NJ                                                ,F    ,40.4548333,74.3101389,            ,;              
     999193,     30138,WPGX713             ,         19,PW   ,MIDDLESEX                                         ,NJ                                                ,F    ,40.4801111,74.3084722,            ,;              
     999195,     30102,WPIG291             ,         19,PW   ,UNION                                             ,NJ                                                ,F    ,40.6512222,74.2615278,            ,;              
     999197,     30162,WPLU548             ,         19,PW   ,BERGEN                                            ,NJ                                                ,F    ,40.8456667,73.9706944,            ,;              
     999199,     30092,WPLV668             ,         19,PW   ,HUDSON                                            ,NJ                                                ,F    ,40.7092778,74.0704167,            ,;              
     999200,     30091,WPLV668             ,         19,PW   ,HUDSON                                            ,NJ                                                ,F    ,    40.709,74.0873611,            ,;              
     999202,     30068,WPLX446             ,         19,PW   ,BERGEN                                            ,NJ                                                ,F    ,40.8701111,  74.10375,            ,;              
     999203,     30066,WPLX446             ,         19,PW   ,BERGEN                                            ,NJ                                                ,F    ,40.8767778,74.1026389,            ,;              
     999204,     30067,WPLX446             ,         19,PW   ,BERGEN                                            ,NJ                                                ,F    ,40.8756667,74.1090278,            ,;              
     999206,     30078,WPLX616             ,         19,PW   ,BERGEN                                            ,NJ                                                ,F    ,40.8170556,74.0751389,            ,;              
     999208,     30070,WPLX623             ,         19,PW   ,BERGEN                                            ,NJ                                                ,F    ,40.8537222,74.1140278,            ,;              
     999210,     30069,WPLX683             ,         19,PW   ,BERGEN                                            ,NJ                                                ,F    ,40.8737222,  74.03875,            ,;              
     999212,     30094,WPMC452             ,         19,YW   ,UNION                                             ,NJ                                                ,F    ,40.6953889,74.2768056,            ,;              
     999213,     30096,WPMC452             ,         19,YW   ,UNION                                             ,NJ                                                ,F    ,40.6937222,74.2690278,            ,;              
     999214,     30090,WPMC452             ,         19,YW   ,UNION                                             ,NJ                                                ,F    ,40.7098333,74.2804167,            ,;              
     999215,     30097,WPMC452             ,         19,YW   ,UNION                                             ,NJ                                                ,F    ,40.6876111,  74.24125,            ,;              
     999216,     30095,WPMC452             ,         19,YW   ,UNION                                             ,NJ                                                ,F    ,40.6953889,74.2689167,            ,;              
     999218,     30151,WPMW554             ,         19,IG   ,MONMOUTH                                          ,NJ                                                ,F    ,40.2256667,74.0548611,            ,;              
     999220,     30173,WPMW554             ,         19,IG   ,MONMOUTH                                          ,NJ                                                ,F    ,40.3964167,73.9781111,            ,;              
     999222,     30151,WPMW554             ,         20,IG   ,MONMOUTH                                          ,NJ                                                ,F    ,40.2256667,74.0548611,            ,;              
     999224,     30272,WPRW624             ,         17,IG   ,SANTA CLARA                                       ,CA                                                ,F    ,37.4468889,122.169417,            ,;              
     999225,     30283,WPRW624             ,         17,IG   ,SANTA CLARA                                       ,CA                                                ,F    ,37.2874444,121.865778,            ,;              
     999226,     30279,WPRW624             ,         17,IG   ,SANTA CLARA                                       ,CA                                                ,F    ,   37.3555,121.906056,            ,;              
     999230,     30286,WPRW624             ,         17,IG   ,SANTA CLARA                                       ,CA                                                ,F    ,37.1185556,121.671611,            ,;              
     999232,     30273,WPSE913             ,         16,YW   ,SANTA CLARA                                       ,CA                                                ,F    ,37.4468611,122.169389,            ,;              
     999233,     30284,WPSE913             ,         16,YW   ,SANTA CLARA                                       ,CA                                                ,F    ,37.2874167,121.865778,            ,;              
     999234,     30280,WPSE913             ,         16,YW   ,SANTA CLARA                                       ,CA                                                ,F    ,37.3554722,121.906056,            ,;              
     999237,     30286,WPSE913             ,         16,YW   ,SANTA CLARA                                       ,CA                                                ,F    ,37.1185556,121.671611,            ,;              
     999239,     30273,WPSE913             ,         17,YW   ,SANTA CLARA                                       ,CA                                                ,F    ,37.4468611,122.169389,            ,;              
     999240,     30284,WPSE913             ,         17,YW   ,SANTA CLARA                                       ,CA                                                ,F    ,37.2874167,121.865778,            ,;              
     999241,     30280,WPSE913             ,         17,YW   ,SANTA CLARA                                       ,CA                                                ,F    ,37.3554722,121.906056,            ,;              
     999244,     30286,WPSE913             ,         17,YW   ,SANTA CLARA                                       ,CA                                                ,F    ,37.1185556,121.671611,            ,;              
     999246,     30281,WPSK266             ,         17,PW   ,SANTA CLARA                                       ,CA                                                ,F    ,37.3063333,121.854111,            ,;              
     999247,     30283,WPSP534             ,         17,YW   ,SANTA CLARA                                       ,CA                                                ,F    ,37.2874444,121.865778,            ,;              
     999248,     30273,WPSP534             ,         17,YW   ,SANTA CLARA                                       ,CA                                                ,F    ,37.4468611,122.169389,            ,;              
     999249,     30278,WPSP534             ,         17,YW   ,SANTA CLARA                                       ,CA                                                ,F    ,   37.4055,   121.933,            ,;              
     999250,     30279,WPSP534             ,         17,YW   ,SANTA CLARA                                       ,CA                                                ,F    ,   37.3555,121.906056,            ,;              
     999251,     30275,WPSP534             ,         17,YW   ,SANTA CLARA                                       ,CA                                                ,F    ,37.4110556,122.074139,            ,;              
     999254,     30286,WPSP534             ,         17,YW   ,SANTA CLARA                                       ,CA                                                ,F    ,37.1185556,121.671611,            ,;              
     999256,     30158,WPSS243             ,         14,PW   ,OCEAN                                             ,NJ                                                ,F    ,40.0153889,74.1840278,            ,;              
     999257,     30264,WPSS243             ,         14,PW   ,OCEAN                                             ,NJ                                                ,F    ,39.9873333,74.1848611,            ,;              
     999261,     30282,WPTH543             ,         16,YW   ,SANTA CLARA                                       ,CA                                                ,F    ,    37.305,121.853333,            ,;              
     999262,     30276,WPTH543             ,         16,YW   ,SANTA CLARA                                       ,CA                                                ,F    ,37.4202778,   121.935,            ,;              
     999263,     30274,WPTH543             ,         16,YW   ,SANTA CLARA                                       ,CA                                                ,F    ,37.4111111,122.073056,            ,;              
     999264,     30277,WPTH543             ,         16,YW   ,SANTA CLARA                                       ,CA                                                ,F    ,37.4008333,121.940278,            ,;              
     999265,     30282,WPTH543             ,         17,YW   ,SANTA CLARA                                       ,CA                                                ,F    ,    37.305,121.853333,            ,;              
     999266,     30276,WPTH543             ,         17,YW   ,SANTA CLARA                                       ,CA                                                ,F    ,37.4202778,   121.935,            ,;              
     999267,     30274,WPTH543             ,         17,YW   ,SANTA CLARA                                       ,CA                                                ,F    ,37.4111111,122.073056,            ,;              
     999268,     30277,WPTH543             ,         17,YW   ,SANTA CLARA                                       ,CA                                                ,F    ,37.4008333,121.940278,            ,;              
     999269,     30286,WPTJ628             ,         16,YW   ,SANTA CLARA                                       ,CA                                                ,F    ,37.1185556,121.671611,            ,;              
     999271,     30286,WPTJ628             ,         17,YW   ,SANTA CLARA                                       ,CA                                                ,F    ,37.1185556,121.671611,            ,;              
     999273,     30142,WPVM588             ,         14,YW   ,SOMERSET                                          ,NJ                                                ,F    ,40.4127778,74.6016667,            ,;              
     999274,     30108,WPVM588             ,         19,YW   ,SOMERSET                                          ,NJ                                                ,F    ,40.6364722,74.4381667,            ,;              
     999275,     30142,WPVM588             ,         19,YW   ,SOMERSET                                          ,NJ                                                ,F    ,40.4127778,74.6016667,            ,;              
     999276,     30105,WPVM588             ,         19,YW   ,SOMERSET                                          ,NJ                                                ,F    ,40.6470556,74.6212778,            ,;              
     999277,     30088,WPVM588             ,         19,YW   ,SOMERSET                                          ,NJ                                                ,F    ,40.7153889,74.7196111,            ,;              
     999278,     30169,WPVS875             ,         19,YW   ,NASSAU                                            ,NY                                                ,F    ,40.7262222,73.5541667,            ,;              
     999279,     30166,WPVS875             ,         19,YW   ,NASSAU                                            ,NY                                                ,F    ,40.7972222,73.6298056,            ,;              
     999280,     30165,WPVS875             ,         19,YW   ,NASSAU                                            ,NY                                                ,F    ,40.8219444,73.4794444,            ,;              
     999281,     30170,WPVS875             ,         19,YW   ,NASSAU                                            ,NY                                                ,F    ,40.6902778,73.7027778,            ,;              
     999283,     30269,WPXC650             ,         15,YW   ,OCEAN                                             ,NJ                                                ,F    ,39.7605556,74.2602778,            ,;              
     999284,     30267,WPXC650             ,         15,YW   ,OCEAN                                             ,NJ                                                ,F    ,39.9016667,74.4066667,            ,;              
     999285,     30155,WPXC650             ,         15,YW   ,OCEAN                                             ,NJ                                                ,F    ,40.1102778,74.3530556,            ,;              
     999286,     30269,WPXC650             ,         20,YW   ,OCEAN                                             ,NJ                                                ,F    ,39.7605556,74.2602778,            ,;              
     999287,     30267,WPXC650             ,         20,YW   ,OCEAN                                             ,NJ                                                ,F    ,39.9016667,74.4066667,            ,;              
     999288,     30161,WPXD571             ,         14,PW   ,SUFFOLK                                           ,NY                                                ,F    ,40.9356667,73.0648333,            ,;              
     999290,     30159,WPXD571             ,         14,PW   ,SUFFOLK                                           ,NY                                                ,F    ,40.9462222,73.0612222,            ,;              
     999291,     30160,WPXD571             ,         14,PW   ,SUFFOLK                                           ,NY                                                ,F    ,40.9359444,   73.0565,            ,;              
     999292,     30109,WPXZ581             ,         14,PW   ,UNION                                             ,NJ                                                ,F    ,40.6402778,   74.3875,            ,;              
     999294,     30109,WPXZ581             ,         19,PW   ,UNION                                             ,NJ                                                ,F    ,40.6402778,   74.3875,            ,;              
     999296,     30168,WPYR980             ,         19,YK   ,NASSAU                                            ,NY                                                ,F    ,40.7497222,73.6380556,            ,;              
     999298,     30075,WQAM754             ,         19,PW   ,MORRIS                                            ,NJ                                                ,F    ,40.8315833,74.4330833,            ,;              
     999299,     30076,WQAM754             ,         19,PW   ,MORRIS                                            ,NJ                                                ,F    ,40.8268333,74.4036111,            ,;              
     999302,     30036,WQBV472             ,         19,YW   ,YORK                                              ,PA                                                ,F    ,40.1019444,76.9722222,            ,;              
     999303,     30263,WQBV473             ,         19,YW   ,YORK                                              ,PA                                                ,F    ,39.7241667,    76.325,            ,;              
     999304,     30247,WQBV573             ,         19,YW   ,YORK                                              ,PA                                                ,F    ,39.7983333,76.6747222,            ,;              
     999305,     30237,WQBV579             ,         19,YW   ,YORK                                              ,PA                                                ,F    ,39.8261111,76.5338889,            ,;              
     999306,     30041,WQBV581             ,         19,YW   ,LANCASTER                                         ,PA                                                ,F    ,40.0587778,76.4617778,            ,;              
     999307,     30231,WQBV583             ,         19,YW   ,YORK                                              ,PA                                                ,F    ,39.8563889,76.9488889,            ,;              
     999308,     30052,WQBV584             ,         19,YW   ,YORK                                              ,PA                                                ,F    ,40.0019444,76.6913889,            ,;              
     999309,     30025,WQBV598             ,         19,YW   ,YORK                                              ,PA                                                ,F    ,  40.19175,76.8669167,            ,;              
     999310,     30210,WQBV599             ,         19,YW   ,YORK                                              ,PA                                                ,F    ,39.9472222,76.7180556,            ,;              
     999311,     30253,WQBV600             ,         19,YW   ,YORK                                              ,PA                                                ,F    ,39.7549167,76.6624167,            ,;              
     999314,     30167,WQEH796             ,         19,PW   ,NASSAU                                            ,NY                                                ,F    ,40.7955556,73.4611111,            ,;              
     999315,     30167,WQEH959             ,         19,PW   ,NASSAU                                            ,NY                                                ,F    ,40.7955556,73.4611111,            ,;              
     999317,     30127,WQFA917             ,         14,PW   ,HUNTERDON                                         ,NJ                                                ,F    ,40.5544444,74.9038889,            ,;              
     999318,     30056,WQFA917             ,         14,PW   ,HUNTERDON                                         ,NJ                                                ,F    ,40.5898333,75.1418333,            ,;              
     999319,     30055,WQFA917             ,         14,PW   ,HUNTERDON                                         ,NJ                                                ,F    ,40.6445556,75.0746111,            ,;              
     999320,     30093,WQFA917             ,         14,PW   ,HUNTERDON                                         ,NJ                                                ,F    ,40.6945556,    74.921,            ,;              
     999321,     30057,WQFA917             ,         14,PW   ,BUCKS                                             ,PA                                                ,F    ,40.3852778,75.0091667,            ,;              
     999322,     30112,WQFA918             ,         14,PW   ,HUNTERDON                                         ,NJ                                                ,F    ,40.6012222,74.7837778,            ,;              
     999323,     30083,WQFA918             ,         14,PW   ,HUNTERDON                                         ,NJ                                                ,F    ,   40.7375,74.8322222,            ,;              
     999325,     30001,WQFM363             ,         14,YG   ,DUTCHESS                                          ,NY                                                ,F    ,41.4884167,73.9454167,            ,;              
     999327,     30001,WQFM363             ,         15,YG   ,DUTCHESS                                          ,NY                                                ,F    ,41.4884167,73.9454167,            ,;              
     999329,     30113,WQGG391             ,         19,PW   ,SOMERSET                                          ,NJ                                                ,F    ,40.6036667,74.6240833,            ,;              
     999331,     30147,WQGU308             ,         14,YW   ,MONMOUTH                                          ,NJ                                                ,F    ,40.2962222,74.3426389,            ,;              
     999333,     30147,WQGU308             ,         15,YW   ,MONMOUTH                                          ,NJ                                                ,F    ,40.2962222,74.3426389,            ,;              
     999335,     30147,WQGU308             ,         19,YW   ,MONMOUTH                                          ,NJ                                                ,F    ,40.2962222,74.3426389,            ,;              
     999337,     30152,WQGU308             ,         20,YW   ,MONMOUTH                                          ,NJ                                                ,F    ,40.2005556,74.4244444,            ,;              
     999339,     30014,WQGX586             ,         19,YW   ,DAUPHIN                                           ,PA                                                ,F    ,40.3455556,76.8694444,            ,;              
     999340,     30018,WQGX586             ,         19,YW   ,DAUPHIN                                           ,PA                                                ,F    ,40.2622222,    76.881,            ,;              
     999341,     30026,WQGX586             ,         19,YW   ,YORK                                              ,PA                                                ,F    ,40.1870556,76.8256111,            ,;              
     999343,     30019,WQGX586             ,         19,YW   ,DAUPHIN                                           ,PA                                                ,F    ,    40.255,76.7788889,            ,;              
     999344,     30015,WQGX586             ,         19,YW   ,DAUPHIN                                           ,PA                                                ,F    ,40.2833333,76.8580556,            ,;              
     999345,     30022,WQGX586             ,         19,YW   ,DAUPHIN                                           ,PA                                                ,F    ,40.2158333,76.7344722,            ,;              
     999346,     30016,WQGX587             ,         19,YW   ,DAUPHIN                                           ,PA                                                ,F    ,40.2847222,     76.68,            ,;              
     999347,     30013,WQGX587             ,         19,YW   ,DAUPHIN                                           ,PA                                                ,F    ,40.4213889,76.8094444,            ,;              
     999348,     30020,WQGX587             ,         19,YW   ,DAUPHIN                                           ,PA                                                ,F    ,40.2183333,76.6461111,            ,;              
     999349,     30029,WQGX587             ,         19,YW   ,DAUPHIN                                           ,PA                                                ,F    ,   40.1525,76.7144444,            ,;              
     999351,     30035,WQIN457             ,         19,PW   ,YORK                                              ,PA                                                ,F    ,40.1022222,76.9722222,            ,;              
     999352,     30037,WQIN457             ,         19,PW   ,YORK                                              ,PA                                                ,F    ,40.1036389,76.8886389,            ,;              
     999353,     30024,WQIN457             ,         19,PW   ,YORK                                              ,PA                                                ,F    ,40.1919444,76.8672222,            ,;              
     999354,     30230,WQIN457             ,         19,PW   ,YORK                                              ,PA                                                ,F    ,39.8572222,76.9483333,            ,;              
     999355,     30230,WQIN458             ,         19,YW   ,YORK                                              ,PA                                                ,F    ,39.8572222,76.9483333,            ,;              
     999356,     30225,WQIN458             ,         19,YW   ,YORK                                              ,PA                                                ,F    ,39.8875833,76.8566389,            ,;              
     999357,     30238,WQIN458             ,         19,YW   ,YORK                                              ,PA                                                ,F    ,39.8077778,76.9836111,            ,;              
     999358,     30259,WQIN458             ,         19,YW   ,YORK                                              ,PA                                                ,F    ,39.7472222,76.9477778,            ,;              
     999359,     30051,WQIN459             ,         19,YW   ,YORK                                              ,PA                                                ,F    ,40.0019444,76.6952778,            ,;              
     999360,     30212,WQIN459             ,         19,YW   ,YORK                                              ,PA                                                ,F    ,39.9405556,76.6977778,            ,;              
     999361,     30222,WQIN459             ,         19,YW   ,YORK                                              ,PA                                                ,F    ,39.9050833,76.5825556,            ,;              
     999362,     30185,WQIN459             ,         19,YW   ,YORK                                              ,PA                                                ,F    ,39.9991667,76.5422222,            ,;              
     999363,     30257,WQIN460             ,         19,PW   ,YORK                                              ,PA                                                ,F    ,39.7619167,76.4817778,            ,;              
     999364,     30245,WQIN460             ,         19,PW   ,YORK                                              ,PA                                                ,F    ,39.7959444,76.7398056,            ,;              
     999365,     30253,WQIN460             ,         19,PW   ,YORK                                              ,PA                                                ,F    ,39.7549167,76.6624167,            ,;              
     999366,     30236,WQIN460             ,         19,PW   ,YORK                                              ,PA                                                ,F    ,39.8316667,76.6002778,            ,;              
     999367,     30035,WQIN461             ,         19,YW   ,YORK                                              ,PA                                                ,F    ,40.1022222,76.9722222,            ,;              
     999368,     30037,WQIN461             ,         19,YW   ,YORK                                              ,PA                                                ,F    ,40.1036389,76.8886389,            ,;              
     999369,     30024,WQIN461             ,         19,YW   ,YORK                                              ,PA                                                ,F    ,40.1919444,76.8672222,            ,;              
     999370,     30028,WQIN461             ,         19,YW   ,YORK                                              ,PA                                                ,F    ,40.1696111,76.8269444,            ,;              
     999371,     30201,WQIN462             ,         19,PW   ,YORK                                              ,PA                                                ,F    ,39.9636111,   76.7275,            ,;              
     999372,     30051,WQIN462             ,         19,PW   ,YORK                                              ,PA                                                ,F    ,40.0019444,76.6952778,            ,;              
     999373,     30185,WQIN462             ,         19,PW   ,YORK                                              ,PA                                                ,F    ,39.9991667,76.5422222,            ,;              
     999374,     30236,WQIN463             ,         19,YW   ,YORK                                              ,PA                                                ,F    ,39.8316667,76.6002778,            ,;              
     999375,     30257,WQIN463             ,         19,YW   ,YORK                                              ,PA                                                ,F    ,39.7619167,76.4817778,            ,;              
     999376,     30245,WQIN463             ,         19,YW   ,YORK                                              ,PA                                                ,F    ,39.7959444,76.7398056,            ,;              
     999377,     30251,WQIN463             ,         19,YW   ,YORK                                              ,PA                                                ,F    ,39.7728889,76.3690833,            ,;              
     999378,     30253,WQIN463             ,         19,YW   ,YORK                                              ,PA                                                ,F    ,39.7549167,76.6624167,            ,;              
     999379,     30254,WQIN463             ,         19,YW   ,YORK                                              ,PA                                                ,F    ,39.7633333,76.5894444,            ,;              
     999380,     30252,WQIN464             ,         19,YW   ,LANCASTER                                         ,PA                                                ,F    ,39.7708333,     76.24,            ,;              
     999381,     30184,WQIN465             ,         19,YW   ,YORK                                              ,PA                                                ,F    ,39.9930556,76.6522222,            ,;              
     999382,     30201,WQIN465             ,         19,YW   ,YORK                                              ,PA                                                ,F    ,39.9636111,   76.7275,            ,;              
     999383,     30196,WQIN465             ,         19,YW   ,YORK                                              ,PA                                                ,F    ,39.9508333,76.7813889,            ,;              
     999384,     30045,WQIN465             ,         19,YW   ,YORK                                              ,PA                                                ,F    ,40.0213889,    76.755,            ,;              
     999385,     30042,WQIN465             ,         19,YW   ,YORK                                              ,PA                                                ,F    ,   40.0475,76.7283333,            ,;              
     999386,     30205,WQIN466             ,         19,PW   ,YORK                                              ,PA                                                ,F    ,39.9655556,76.6891667,            ,;              
     999387,     30207,WQIN466             ,         19,PW   ,YORK                                              ,PA                                                ,F    ,39.9511111,   76.6075,            ,;              
     999388,     30199,WQIN466             ,         19,PW   ,YORK                                              ,PA                                                ,F    ,39.9538889,76.7583333,            ,;              
     999389,     30220,WQIN466             ,         19,PW   ,YORK                                              ,PA                                                ,F    ,39.9097222,76.6344444,            ,;              
     999390,     30203,WQIN466             ,         19,PW   ,YORK                                              ,PA                                                ,F    ,39.9618611,    76.725,            ,;              
     999391,     30200,WQIN466             ,         19,PW   ,YORK                                              ,PA                                                ,F    ,39.9606667,76.7339444,            ,;              
     999392,     30234,WQIN469             ,         19,PW   ,YORK                                              ,PA                                                ,F    ,39.8287222,76.8971667,            ,;              
     999393,     30226,WQIN469             ,         19,PW   ,YORK                                              ,PA                                                ,F    ,39.8991667,76.6079167,            ,;              
     999394,     30187,WQIN469             ,         19,PW   ,YORK                                              ,PA                                                ,F    ,39.9769444,76.7969444,            ,;              
     999395,     30249,WQIN469             ,         19,PW   ,YORK                                              ,PA                                                ,F    ,39.7694444,76.6813889,            ,;              
     999396,     30182,WQIN469             ,         19,PW   ,YORK                                              ,PA                                                ,F    ,39.9933333,76.7052778,            ,;              
     999397,     30043,WQIN469             ,         19,PW   ,YORK                                              ,PA                                                ,F    ,40.0402778,76.7233333,            ,;              
     999398,     30262,WQIN471             ,         19,PW   ,YORK                                              ,PA                                                ,F    ,39.7261111,76.3280556,            ,;              
     999399,     30049,WQIN471             ,         19,PW   ,YORK                                              ,PA                                                ,F    ,40.0028333,76.8482778,            ,;              
     999400,     30186,WQIN471             ,         19,PW   ,YORK                                              ,PA                                                ,F    ,39.9799167,76.8371389,            ,;              
     999401,     30208,WQIN471             ,         19,PW   ,ADAMS                                             ,PA                                                ,F    ,39.9361111,76.9783333,            ,;              
     999402,     30193,WQIN471             ,         19,PW   ,YORK                                              ,PA                                                ,F    ,39.9706389,76.5216389,            ,;              
     999403,     30021,WQIN471             ,         19,PW   ,YORK                                              ,PA                                                ,F    ,40.2088889,76.8708333,            ,;              
     999404,     30030,WQIN473             ,         19,PW   ,YORK                                              ,PA                                                ,F    ,40.1394722,76.9801667,            ,;              
     999405,     30032,WQIN473             ,         19,PW   ,YORK                                              ,PA                                                ,F    ,40.1344444,76.8052778,            ,;              
     999406,     30241,WQIN473             ,         19,PW   ,YORK                                              ,PA                                                ,F    ,39.8105556,   76.7275,            ,;              
     999407,     30188,WQIN473             ,         19,PW   ,YORK                                              ,PA                                                ,F    ,39.9797222,76.7305556,            ,;              
     999408,     30250,WQIN473             ,         19,PW   ,YORK                                              ,PA                                                ,F    ,39.7669444,76.6813889,            ,;              
     999409,     30189,WQIN473             ,         19,PW   ,YORK                                              ,PA                                                ,F    ,39.9727778,76.7038889,            ,;              
     999410,     30040,WQIN474             ,         19,PW   ,YORK                                              ,PA                                                ,F    ,40.0636111,76.7066667,            ,;              
     999411,     30261,WQIN474             ,         19,PW   ,YORK                                              ,PA                                                ,F    ,39.7366667,76.6961111,            ,;              
     999412,     30033,WQIN474             ,         19,PW   ,YORK                                              ,PA                                                ,F    ,40.1302778,76.7894444,            ,;              
     999413,     30223,WQIN474             ,         19,PW   ,YORK                                              ,PA                                                ,F    ,39.9130833,76.4862778,            ,;              
     999414,     30243,WQIN474             ,         19,PW   ,YORK                                              ,PA                                                ,F    ,39.7947222,76.9688889,            ,;              
     999415,     30258,WQIN475             ,         19,PW   ,YORK                                              ,PA                                                ,F    ,   39.7475,76.9472222,            ,;              
     999416,     30198,WQIN475             ,         19,PW   ,YORK                                              ,PA                                                ,F    ,39.9544444,76.7652778,            ,;              
     999417,     30047,WQIN475             ,         19,PW   ,YORK                                              ,PA                                                ,F    ,40.0241667,76.5277778,            ,;              
     999418,     30215,WQIN475             ,         19,PW   ,YORK                                              ,PA                                                ,F    ,39.9205556,76.6822222,            ,;              
     999419,     30204,WQIN475             ,         19,PW   ,YORK                                              ,PA                                                ,F    ,  39.96075,76.7277778,            ,;              
     999420,     30218,WQIN475             ,         19,PW   ,YORK                                              ,PA                                                ,F    ,39.9022222,76.7872222,            ,;              
     999421,     30240,WQIN476             ,         19,PW   ,YORK                                              ,PA                                                ,F    ,39.8164722,76.9783611,            ,;              
     999422,     30010,WQIN476             ,         19,PW   ,YORK                                              ,PA                                                ,F    ,40.1088889,77.0344444,            ,;              
     999423,     30192,WQIN476             ,         19,PW   ,YORK                                              ,PA                                                ,F    ,    39.976,76.5848333,            ,;              
     999424,     30214,WQIN476             ,         19,PW   ,YORK                                              ,PA                                                ,F    ,39.9469444,76.5055556,            ,;              
     999425,     30221,WQIN476             ,         19,PW   ,YORK                                              ,PA                                                ,F    ,39.9008333,76.6477778,            ,;              
     999426,     30186,WQIN477             ,         19,PW   ,YORK                                              ,PA                                                ,F    ,39.9799167,76.8371389,            ,;              
     999427,     30053,WQIN477             ,         19,PW   ,YORK                                              ,PA                                                ,F    ,40.0030556,   76.6075,            ,;              
     999428,     30054,WQIN477             ,         19,PW   ,YORK                                              ,PA                                                ,F    ,40.0133333,76.5822222,            ,;              
     999429,     30027,WQIN477             ,         19,PW   ,YORK                                              ,PA                                                ,F    ,40.1791667,76.8358333,            ,;              
     999430,     30011,WQIN477             ,         19,PW   ,YORK                                              ,PA                                                ,F    ,40.0730556,77.0272222,            ,;              
     999431,     30046,WQIN477             ,         19,PW   ,YORK                                              ,PA                                                ,F    ,     40.02,76.7536111,            ,;              
     999432,     30232,WQIN481             ,         19,PW   ,YORK                                              ,PA                                                ,F    ,39.8547778,76.5650556,            ,;              
     999433,     30246,WQIN481             ,         19,PW   ,YORK                                              ,PA                                                ,F    ,39.7927778,76.7311111,            ,;              
     999434,     30209,WQIN481             ,         19,PW   ,YORK                                              ,PA                                                ,F    ,39.9461111,76.7655556,            ,;              
     999435,     30239,WQIN481             ,         19,PW   ,YORK                                              ,PA                                                ,F    ,39.8019444,76.9872222,            ,;              
     999436,     30228,WQIN481             ,         19,PW   ,YORK                                              ,PA                                                ,F    ,39.8794444,76.7091667,            ,;              
     999437,     30217,WQIN481             ,         19,PW   ,YORK                                              ,PA                                                ,F    ,   39.9175,76.5816667,            ,;              
     999438,     30190,WQIN488             ,         19,PW   ,YORK                                              ,PA                                                ,F    ,39.9683611,76.7109722,            ,;              
     999439,     30197,WQIN488             ,         19,PW   ,YORK                                              ,PA                                                ,F    ,39.9661667,76.7622222,            ,;              
     999440,     30206,WQIN488             ,         19,PW   ,YORK                                              ,PA                                                ,F    ,39.9511111,76.6861111,            ,;              
     999441,     30242,WQIN488             ,         19,PW   ,YORK                                              ,PA                                                ,F    ,39.7991667,76.9838889,            ,;              
     999442,     30260,WQIN495             ,         19,PW   ,YORK                                              ,PA                                                ,F    ,39.7344444,76.7011111,            ,;              
     999443,     30235,WQIN495             ,         19,PW   ,YORK                                              ,PA                                                ,F    ,39.8269444,76.8980556,            ,;              
     999444,     30183,WQIN495             ,         19,PW   ,YORK                                              ,PA                                                ,F    ,39.9908333,76.6702778,            ,;              
     999445,     30211,WQIN495             ,         19,PW   ,YORK                                              ,PA                                                ,F    ,   39.9425,76.7086111,            ,;              
     999446,     30256,WQIN495             ,         19,PW   ,YORK                                              ,PA                                                ,F    ,39.7541667,76.5916667,            ,;              
     999447,     30195,WQIN495             ,         19,PW   ,YORK                                              ,PA                                                ,F    ,39.9516667,76.7838889,            ,;              
     999448,     30213,WQIN497             ,         19,PW   ,YORK                                              ,PA                                                ,F    ,39.9413889,76.5230556,            ,;              
     999449,     30031,WQIN497             ,         19,PW   ,YORK                                              ,PA                                                ,F    ,40.1350278,76.8052222,            ,;              
     999450,     30233,WQIN497             ,         19,PW   ,YORK                                              ,PA                                                ,F    ,39.8377778,76.6204722,            ,;              
     999451,     30038,WQIN497             ,         19,PW   ,YORK                                              ,PA                                                ,F    ,40.0797222,76.7052778,            ,;              
     999452,     30050,WQIN497             ,         19,PW   ,YORK                                              ,PA                                                ,F    ,40.0083333,76.8277778,            ,;              
     999453,     30244,WQIN497             ,         19,PW   ,YORK                                              ,PA                                                ,F    ,39.7936111,76.9686111,            ,;              
     999454,     30191,WQIN500             ,         19,PW   ,YORK                                              ,PA                                                ,F    ,   39.9775,76.6669444,            ,;              
     999455,     30255,WQIN500             ,         19,PW   ,YORK                                              ,PA                                                ,F    ,39.7627778,76.5905556,            ,;              
     999456,     30202,WQIN500             ,         19,PW   ,YORK                                              ,PA                                                ,F    ,39.9631667,76.7283333,            ,;              
     999457,     30034,WQIN500             ,         19,PW   ,YORK                                              ,PA                                                ,F    ,40.1091667,76.9883333,            ,;              
     999458,     30023,WQIN500             ,         19,PW   ,YORK                                              ,PA                                                ,F    ,     40.19,76.8902778,            ,;              
     999459,     30242,WQIN500             ,         19,PW   ,YORK                                              ,PA                                                ,F    ,39.7991667,76.9838889,            ,;              
     999460,     30216,WQIN502             ,         19,PW   ,YORK                                              ,PA                                                ,F    ,39.9302778,76.6093611,            ,;              
     999461,     30219,WQIN502             ,         19,PW   ,YORK                                              ,PA                                                ,F    ,    39.915,76.6722222,            ,;              
     999462,     30229,WQIN502             ,         19,PW   ,YORK                                              ,PA                                                ,F    ,39.8697222,76.4852778,            ,;              
     999463,     30194,WQIN502             ,         19,PW   ,YORK                                              ,PA                                                ,F    ,39.9702778,76.5158333,            ,;              
     999464,     30255,WQIN502             ,         19,PW   ,YORK                                              ,PA                                                ,F    ,39.7627778,76.5905556,            ,;              
     999465,     30227,WQIN502             ,         19,PW   ,YORK                                              ,PA                                                ,F    ,39.8938889,76.6083333,            ,;              
     999466,     30135,WQIR767             ,         20,PW   ,MIDDLESEX                                         ,NJ                                                ,F    ,40.4952778,74.4497222,            ,;              
     999468,     30126,WQJS363             ,         20,YW   ,MIDDLESEX                                         ,NJ                                                ,F    ,40.5803889,74.2843611,            ,;              
     999469,     30117,WQJS363             ,         20,YW   ,MIDDLESEX                                         ,NJ                                                ,F    ,40.6003333,74.3134167,            ,;              
     999470,     30128,WQJS363             ,         20,YW   ,MIDDLESEX                                         ,NJ                                                ,F    ,    40.562,  74.32575,            ,;              
     999471,     30130,WQJS363             ,         20,YW   ,MIDDLESEX                                         ,NJ                                                ,F    ,40.5472222,74.2922222,            ,;              
     999472,     30129,WQJS363             ,         20,YW   ,MIDDLESEX                                         ,NJ                                                ,F    ,40.5659444,74.2523056,            ,;              
     999473,     30133,WQJS363             ,         20,YW   ,MIDDLESEX                                         ,NJ                                                ,F    ,40.5163611,74.3091389,            ,;              
     999480,     30122,WQJS365             ,         20,YW   ,MIDDLESEX                                         ,NJ                                                ,F    ,40.5866667,74.2427778,            ,;              
     999481,     30132,WQJS365             ,         20,YW   ,MIDDLESEX                                         ,NJ                                                ,F    ,40.5332778,74.3069722,            ,;              
     999484,     30287,WQJX500             ,         15,PW   ,LOS ANGELES                                       ,CA                                                ,F    ,   34.2175,118.283139,            ,;              
     999487,     30288,WQJX501             ,         15,PW   ,LOS ANGELES                                       ,CA                                                ,F    ,34.3516667,117.675056,            ,;              
     999488,     30289,WQJX557             ,         15,PW   ,LOS ANGELES                                       ,CA                                                ,F    ,33.9555556,117.895056,            ,;              
     999490,     30171,WQKU273             ,         19,PW   ,NASSAU                                            ,NY                                                ,F    ,   40.6515,73.6120833,            ,;              
     999492,     30140,WQLZ558             ,         19,YW   ,MONMOUTH                                          ,NJ                                                ,F    ,40.4426389,74.1809444,            ,;              
     999493,     30172,WQLZ558             ,         19,YW   ,MONMOUTH                                          ,NJ                                                ,F    ,   40.3925,73.9868056,            ,;              
     999494,     30150,WQLZ558             ,         19,YW   ,MONMOUTH                                          ,NJ                                                ,F    ,  40.26425,74.2456944,            ,;              
     999495,     30154,WQLZ558             ,         19,YW   ,MONMOUTH                                          ,NJ                                                ,F    ,   40.1375,74.1313889,            ,;              
     999497,     30012,WQMC383             ,         18,YW   ,FRANKLIN                                          ,PA                                                ,F    ,    40.045,77.7535833,            ,;              
     999498,     30179,WQMC383             ,         18,YW   ,FRANKLIN                                          ,PA                                                ,F    ,39.9381389,77.6594444,            ,;              
     999499,     30009,WQMC383             ,         18,YW   ,FRANKLIN                                          ,PA                                                ,F    ,40.1459167,77.6521944,            ,;              
     999500,     30180,WQMC383             ,         18,YW   ,FULTON                                            ,PA                                                ,F    ,39.9236389,77.9553889,            ,;              
     999501,     30178,WQMC383             ,         18,YW   ,FRANKLIN                                          ,PA                                                ,F    ,39.9611111,77.4752778,            ,;              
     999502,     30176,WQMC383             ,         18,YW   ,FRANKLIN                                          ,PA                                                ,F    ,39.7565278,78.0233333,            ,;              
     999504,     30181,WQMC384             ,         18,YW   ,WASHINGTON                                        ,MD                                                ,F    ,39.6963889,   77.5125,            ,;              
     999506,     30061,WQMH982             ,         19,PW   ,PASSAIC                                           ,NJ                                                ,F    ,40.9470833,74.2031389,            ,;              
     999507,     30059,WQMH982             ,         19,PW   ,PASSAIC                                           ,NJ                                                ,F    ,40.9631944,74.2555556,            ,;              
     999508,     30058,WQMH982             ,         19,PW   ,PASSAIC                                           ,NJ                                                ,F    ,40.9963889,     74.28,            ,;              
     999509,     30065,WQMH982             ,         19,PW   ,PASSAIC                                           ,NJ                                                ,F    ,40.8855556,74.2557778,            ,;              
     999511,     30130,WQMI704             ,         16,YW   ,MIDDLESEX                                         ,NJ                                                ,F    ,40.5472222,74.2922222,            ,;              
     999512,     30133,WQMI704             ,         16,YW   ,MIDDLESEX                                         ,NJ                                                ,F    ,40.5163611,74.3091389,            ,;              
     999513,     30117,WQMI704             ,         16,YW   ,MIDDLESEX                                         ,NJ                                                ,F    ,40.6003333,74.3134167,            ,;              
     999514,     30122,WQMI704             ,         16,YW   ,MIDDLESEX                                         ,NJ                                                ,F    ,40.5866667,74.2427778,            ,;              
     999516,     30163,WPQE399             ,         14,YG   ,                                                  ,                                                  ,F    ,40.8422222,73.0258333,            ,;              
     999517,     30163,WPQE399             ,         15,YG   ,                                                  ,                                                  ,F    ,40.8422222,73.0258333,            ,;              
     999518,     30044,                    ,         15,     ,LANCASTER                                         ,PA                                                ,F    ,40.0381667,76.3060833,            ,;              
     999519,     30248,                    ,         15,     ,LANCASTER                                         ,PA                                                ,F    ,39.7938889,76.1772222,            ,;              
     999520,     30224,                    ,         15,     ,LANCASTER                                         ,PA                                                ,F    ,39.9019167,76.3464722,            ,;              
     999521,     30017,                    ,         15,     ,LANCASTER                                         ,PA                                                ,F    ,40.2709167,76.1036389,            ,;              
     999522,     30039,                    ,         15,     ,LANCASTER                                         ,PA                                                ,F    ,40.0727222,76.0210833,            ,;              
     999523,     30048,                    ,         15,     ,LANCASTER                                         ,PA                                                ,F    ,40.0201667,76.4866389,            ,;              
     999524,     30008,                    ,         18,     ,BEDFORD                                           ,PA                                                ,F    ,40.0011944,78.4008333,            ,;              
     999525,     30007,                    ,         18,     ,BEDFORD                                           ,PA                                                ,F    ,40.0128611,78.5538889,            ,;              
     999526,     30004,                    ,         18,     ,BEDFORD                                           ,PA                                                ,F    ,40.1742222,78.4828611,            ,;              
     999527,     30175,                    ,         18,     ,BEDFORD                                           ,PA                                                ,F    ,  39.83025,  78.54375,            ,;              
     999528,     30003,                    ,         18,     ,BEDFORD                                           ,PA                                                ,F    ,40.2366389,78.2905556,            ,;              
     999529,     30005,                    ,         18,     ,BEDFORD                                           ,PA                                                ,F    ,   40.0395,78.7338333,            ,;              
     999530,     30006,                    ,         18,     ,BEDFORD                                           ,PA                                                ,F    ,40.0172778,    78.504,            ,;              
     999531,     30174,                    ,         18,     ,BEDFORD                                           ,PA                                                ,F    ,39.8883333,78.7338333,            ,;              
     999532,     30177,                    ,         18,     ,BEDFORD                                           ,PA                                                ,F    ,39.6900833,78.5296944,            ,;              
     999533,     30101,                    ,         20,     ,ROSELLE PARK                                      ,NJ                                                ,F    ,40.6638611,74.2668889,            ,;              
     999534,     30119,                    ,         20,     ,ROSELLE PARK                                      ,NJ                                                ,F    ,   40.6115,74.2595833,            ,;              
     999535,     30002,                    ,         16,     ,TOWN OF SANDWICH                                  ,MA                                                ,F    ,    41.724,70.4583611,            ,;              
     999536,     30130,                    ,         19,     ,WOODBRIDGE TWP.                                   ,NJ                                                ,F    ,40.5472222,74.2922222,            ,;              
     999537,     30133,                    ,         19,     ,WOODBRIDGE TWP.                                   ,NJ                                                ,F    ,40.5163611,74.3091389,            ,;              
     999538,     30117,                    ,         19,     ,WOODBRIDGE TWP.                                   ,NJ                                                ,F    ,40.6003333,74.3134167,            ,;              
     999539,     30122,                    ,         19,     ,WOODBRIDGE TWP.                                   ,NJ                                                ,F    ,40.5866667,74.2427778,            ,;              
     999540,     30104,                    ,         19,     ,SOMERSET COUNTY                                   ,NJ                                                ,F    ,40.6470556,74.6215556,            ,;              
     999541,     30116,                    ,         19,     ,SOMERSET COUNTY                                   ,NJ                                                ,F    ,40.6029444,74.4596111,            ,;              
     999542,     30085,                    ,         19,     ,SOMERSET COUNTY                                   ,NJ                                                ,F    ,  40.71775,74.6011667,            ,;              
     999543,     30084,                    ,         19,     ,SOMERSET COUNTY                                   ,NJ                                                ,F    ,40.7482222,74.5720278,            ,;              
     999544,     30086,                    ,         19,     ,SOMERSET COUNTY                                   ,NJ                                                ,F    ,40.7192778,74.5762778,            ,;              
     999545,     30136,                    ,         19,     ,SOMERSET COUNTY                                   ,NJ                                                ,F    ,40.4711111,74.7272222,            ,;              
     999546,     30141,                    ,         19,     ,SOMERSET COUNTY                                   ,NJ                                                ,F    ,40.4128889,74.6014722,            ,;              
