facility_id,off_air_option,lvhf_option,hvhf_option
191822,Preferred,Selected,Selected
191793,Preferred,Selected,Selected
191340,Preferred,Selected,Selected
191262,Preferred,Selected,Selected
191101,Preferred,Selected,Selected
190156,Preferred,Selected,Selected
189735,Preferred,Selected,Selected
189358,Preferred,,
189357,Preferred,,
189058,Preferred,Selected,Selected
168834,Preferred,Selected,Selected
168812,Preferred,Selected,Selected
168750,Preferred,Selected,Selected
168495,Preferred,Selected,Selected
168478,Preferred,Selected,Selected
168471,Preferred,Selected,Selected
168452,Preferred,Selected,Selected
168449,Preferred,Selected,Selected
168419,Fallback,Selected,Preferred
168414,Preferred,Selected,Selected
168338,Preferred,Selected,Selected
168239,Preferred,Selected,Selected
168237,Preferred,Selected,Selected
168219,Preferred,Selected,Selected
168154,Preferred,Selected,Selected
168101,Preferred,Selected,Selected
168095,Preferred,Selected,Selected
168094,Preferred,,
168014,Preferred,Selected,Selected
167948,Fallback,Preferred,Selected
167892,Preferred,Selected,Selected
167844,Preferred,Selected,Selected
167838,Preferred,Selected,Selected
167765,Preferred,Selected,
167588,Preferred,,
167543,Preferred,Selected,Selected
167309,Preferred,Selected,Selected
167158,Preferred,Selected,Selected
166546,Preferred,Selected,
166512,Preferred,Selected,Selected
166510,Preferred,,
166331,Preferred,Selected,Selected
166319,Preferred,Selected,Selected
136751,Preferred,Selected,
136750,Preferred,,
136749,Preferred,,
89714,Preferred,,
86534,Preferred,Selected,Selected
86496,Preferred,Selected,Selected
84802,Preferred,Selected,Selected
84253,Preferred,Selected,Selected
84225,Preferred,Selected,Selected
84214,Preferred,Selected,Selected
83992,Preferred,,
83969,Selected,,Preferred
83946,Selected,Selected,Preferred
83945,Fallback,Fallback,Preferred
83931,Preferred,Selected,
83929,Preferred,Selected,Selected
83913,Preferred,Selected,Selected
83740,Preferred,Selected,Selected
83180,Preferred,,
82619,Preferred,,
82574,Preferred,,
82476,Preferred,Selected,Selected
81946,Preferred,,
81750,Selected,Selected,Preferred
81692,Preferred,Selected,Selected
81669,Preferred,Selected,Selected
81594,Preferred,Selected,Selected
81593,Preferred,Selected,Selected
81509,Preferred,Selected,Selected
81508,Preferred,Selected,Selected
81503,Preferred,Selected,
81451,Preferred,Selected,Selected
78915,Preferred,,
78908,,Preferred,Fallback
78322,Preferred,Selected,Selected
78314,Preferred,Selected,Selected
77678,Preferred,Selected,Selected
77677,Preferred,Selected,Selected
77676,Preferred,Selected,Selected
77515,Preferred,Selected,Selected
77512,Preferred,Selected,Selected
77483,Preferred,Selected,Selected
77480,Fallback,Preferred,Fallback
77451,Preferred,Selected,Selected
76324,Preferred,Selected,
76001,Preferred,,
74559,Preferred,Selected,Selected
74464,Preferred,Selected,Selected
74449,Preferred,Selected,
74422,Preferred,Selected,Selected
74420,Preferred,Selected,Selected
74419,Preferred,Selected,Selected
74216,Preferred,Selected,Selected
74215,Preferred,Selected,Selected
74214,Preferred,Selected,Selected
74197,Preferred,Selected,Selected
74192,Selected,Selected,Preferred
74176,,,Preferred
74156,Preferred,Selected,Selected
74138,Preferred,Selected,Selected
74122,Selected,Preferred,
74112,Selected,Selected,Preferred
74094,Preferred,Selected,Selected
74091,Preferred,Selected,Selected
74034,,Preferred,Fallback
74007,Preferred,Selected,Selected
73999,Preferred,Selected,Selected
73998,Preferred,Selected,Selected
73982,Preferred,Selected,Selected
73901,Preferred,Selected,
73875,Preferred,Selected,Selected
73764,Preferred,,
73706,Preferred,,
73701,Preferred,Selected,Selected
73692,Preferred,Selected,
73642,Preferred,Selected,Selected
73375,Preferred,,
73356,Preferred,Selected,Selected
73344,Preferred,Selected,Selected
73336,Preferred,Selected,Selected
73312,Preferred,Selected,Selected
73288,Preferred,Selected,
73263,Selected,Selected,Preferred
73255,Fallback,Preferred,Selected
73238,Preferred,Selected,Selected
73207,Preferred,Selected,Selected
73206,Preferred,Selected,Selected
73203,,,Preferred
73189,Preferred,Selected,Selected
73155,Preferred,Selected,Selected
73153,Preferred,Selected,Selected
73120,Preferred,Selected,Selected
73101,Preferred,Selected,Selected
72971,Preferred,Selected,Selected
72945,Preferred,,
72871,Preferred,,Selected
72618,Preferred,Selected,Selected
72342,Preferred,Selected,Selected
72335,Preferred,,
72278,Preferred,Selected,Selected
72207,Preferred,Selected,Selected
72119,Preferred,Selected,Selected
72106,Preferred,Selected,Selected
72099,Preferred,Selected,Selected
72098,Selected,Selected,Preferred
72096,,Fallback,Preferred
72064,Preferred,Selected,Selected
72062,Preferred,Selected,Selected
72052,Preferred,,
71905,Selected,Selected,Preferred
71871,Preferred,Selected,Selected
71861,,,Preferred
71725,Preferred,Selected,
71680,,Preferred,
71676,,Preferred,Fallback
71657,,Preferred,Fallback
71586,Preferred,Selected,Selected
71580,Selected,Selected,Preferred
71561,,Fallback,Preferred
71508,Preferred,Selected,Selected
71428,Preferred,Selected,Selected
71425,Preferred,Selected,Selected
71336,Preferred,Selected,
71325,Preferred,,
71280,Preferred,Selected,Selected
71278,Preferred,Selected,Selected
71238,Preferred,Selected,Selected
71236,Preferred,Selected,Selected
71221,Selected,,Preferred
71130,Preferred,Selected,Selected
71121,Preferred,Selected,Selected
71119,Preferred,Selected,Selected
71111,Preferred,Selected,Selected
71089,Preferred,Selected,Selected
71085,Preferred,Selected,Selected
71079,Preferred,Selected,Selected
71078,Preferred,Selected,Selected
71074,Preferred,Selected,Selected
71070,Preferred,Selected,Selected
71069,Preferred,Selected,Selected
70900,Preferred,Selected,Selected
70865,Preferred,Selected,Selected
70852,Preferred,Selected,Selected
70699,Preferred,Selected,Selected
70537,Fallback,Fallback,Preferred
70536,,Fallback,Preferred
70493,Preferred,Selected,Selected
70492,Preferred,Selected,Selected
70491,Preferred,Selected,Selected
70428,Preferred,Selected,Selected
70426,Preferred,Selected,Selected
70423,Preferred,Selected,Selected
70420,Preferred,Selected,Selected
70419,Preferred,Selected,Selected
70417,Preferred,,
70416,Preferred,Selected,Selected
70415,Preferred,Selected,Selected
70414,Preferred,Selected,Selected
70412,Preferred,,
70309,Preferred,Selected,Selected
70251,Preferred,Selected,Selected
70184,Preferred,Selected,Selected
70161,Preferred,,
70158,Preferred,Selected,Selected
70149,Preferred,Selected,Selected
70138,Preferred,Selected,Selected
70119,Preferred,Selected,Selected
70097,Preferred,,Selected
69993,Preferred,Selected,
69944,,Preferred,
69943,Preferred,,
69880,Preferred,Selected,
69753,Preferred,Selected,Selected
69735,Preferred,Selected,Selected
69694,Preferred,Selected,
69692,Preferred,Selected,Selected
69619,Preferred,Selected,Selected
69618,Preferred,Selected,Selected
69571,Preferred,Selected,Selected
69531,Preferred,Selected,Selected
69447,Preferred,Selected,Selected
69446,Fallback,Preferred,Selected
69338,Preferred,Selected,Selected
69273,Preferred,Selected,Selected
69271,Preferred,Selected,Selected
69170,Preferred,Selected,
68911,Preferred,,
68910,Preferred,Selected,Selected
68905,Preferred,Selected,Selected
68886,Preferred,Selected,Selected
68853,Preferred,Selected,
68851,Preferred,Selected,
68834,Preferred,Selected,Selected
68695,Preferred,Selected,Selected
68666,Preferred,Selected,Selected
68594,Preferred,,Selected
68581,Preferred,Selected,Selected
68549,Preferred,Selected,Selected
68547,Preferred,,
68545,Preferred,Selected,Selected
68542,Selected,,Preferred
68541,Preferred,,
68538,Preferred,,Selected
68519,Preferred,,
68444,Preferred,Selected,Selected
68427,Preferred,,
68409,Preferred,Selected,Selected
68408,Preferred,Selected,Selected
68407,Preferred,Selected,Selected
68406,Fallback,Fallback,Preferred
68405,Preferred,Selected,Selected
68403,Preferred,Selected,Selected
68401,Preferred,Selected,Selected
68400,Preferred,Selected,Selected
68396,Preferred,Selected,Selected
68395,Preferred,Selected,Selected
68394,Preferred,Selected,Selected
68393,Preferred,Selected,Selected
68143,Preferred,Selected,
68137,Preferred,Selected,Selected
68136,Preferred,Selected,Selected
68135,Preferred,Selected,Selected
68058,Preferred,,
68007,Preferred,,
67999,Preferred,,
67993,Preferred,,
67971,Preferred,,
67950,Preferred,,
67910,Preferred,,
67895,Preferred,Selected,Selected
67893,Preferred,,
67884,Preferred,,
67869,Preferred,,
67868,Preferred,,
67866,Preferred,Selected,Selected
67802,Preferred,Selected,
67798,Preferred,Selected,Selected
67792,Preferred,Selected,Selected
67787,Preferred,Selected,
67786,Preferred,Selected,Selected
67784,Preferred,Selected,Selected
67781,Preferred,Selected,Selected
67602,Preferred,Selected,Selected
67494,Preferred,Selected,
67485,Preferred,Selected,Selected
67347,Preferred,Selected,Selected
67190,,Fallback,Preferred
67077,Preferred,Selected,Selected
67048,,Preferred,
67022,Preferred,Selected,Selected
67020,Preferred,Selected,Selected
67013,Preferred,Selected,Selected
67002,Preferred,Selected,Selected
67001,Preferred,Selected,Selected
67000,Preferred,Selected,Selected
66996,Preferred,Selected,Selected
66983,Preferred,Selected,Selected
66804,Fallback,Preferred,Selected
66790,Preferred,Selected,Selected
66549,Preferred,Selected,Selected
66536,Fallback,,Preferred
66378,Preferred,,
66321,Preferred,Selected,Selected
66285,Preferred,Selected,Selected
66219,,,Preferred
66190,Preferred,,
66185,,Fallback,Preferred
66172,Fallback,Preferred,
65919,Selected,Selected,Preferred
65680,Preferred,Selected,Selected
65667,Preferred,Selected,Selected
65666,Preferred,,
65526,Preferred,Selected,Selected
65395,Preferred,Selected,Selected
65387,Preferred,Selected,Selected
65204,,,Preferred
65143,,,Preferred
65130,Preferred,Selected,Selected
65128,Preferred,Selected,Selected
65074,Preferred,Selected,Selected
64974,Preferred,Selected,Selected
64971,Preferred,Selected,Selected
64865,Preferred,Selected,Selected
64864,Preferred,Selected,
64833,Preferred,Selected,Selected
64690,Preferred,Selected,Selected
64611,Preferred,Selected,Selected
64547,Selected,Selected,Preferred
64545,Preferred,Selected,Selected
64444,Preferred,Selected,Selected
64352,Preferred,Selected,Selected
64338,Preferred,Selected,Selected
64048,,Preferred,
63901,Preferred,Selected,Selected
63867,Selected,Preferred,Fallback
63865,Preferred,,
63557,Preferred,Selected,Selected
63329,Preferred,Selected,Selected
63164,Preferred,Selected,Selected
63158,Preferred,Selected,Selected
62272,Preferred,Selected,
62219,Preferred,Selected,Selected
62210,Preferred,Selected,
62207,Preferred,Selected,Selected
62009,Preferred,,
61702,Preferred,Selected,Selected
61573,Preferred,Selected,Selected
61504,Preferred,,
61350,,Preferred,
61251,Preferred,Selected,Selected
61217,Preferred,Selected,Selected
61216,Preferred,Selected,Selected
61173,Preferred,Selected,Selected
61111,Preferred,Selected,Selected
61084,Preferred,Selected,Selected
61026,Preferred,Selected,Selected
61012,Preferred,,
61011,Preferred,,
60888,Preferred,,
60850,Selected,Preferred,
60830,Preferred,,
60829,Preferred,,
60827,Preferred,,
60825,Preferred,,
60820,Preferred,,
60736,Preferred,Selected,
60683,Fallback,Preferred,
60654,Preferred,Selected,Selected
60639,Preferred,Selected,Selected
60637,Preferred,Selected,Selected
60571,Preferred,,
60560,Preferred,Selected,Selected
60556,Preferred,Selected,Selected
60555,Preferred,Selected,Selected
60553,Preferred,,
60552,Preferred,,
60549,Preferred,Selected,Selected
60539,Preferred,Selected,Selected
60464,Preferred,,
60384,Preferred,,
60357,Preferred,Selected,Selected
60165,Preferred,Selected,Selected
60111,Preferred,Selected,
60026,Preferred,Selected,Selected
60018,Preferred,Selected,Selected
59852,,Fallback,Preferred
59442,Preferred,Selected,Selected
59281,Fallback,Preferred,
59013,Preferred,Selected,Selected
58978,Preferred,Selected,Selected
58927,Preferred,Selected,Selected
58912,Preferred,,
58835,Preferred,Selected,Selected
58795,,Preferred,Fallback
58739,Preferred,Selected,Selected
58725,Preferred,Selected,Selected
58616,Preferred,Selected,Selected
58605,Preferred,,Selected
58342,Preferred,Selected,Selected
58341,Preferred,Selected,Selected
58340,Preferred,Selected,Selected
58267,Preferred,Selected,Selected
58261,Preferred,Selected,Selected
57945,Preferred,Selected,Selected
57908,Preferred,Selected,Selected
57907,Preferred,Selected,Selected
57905,Preferred,Selected,Selected
57884,Preferred,Selected,Selected
57545,Preferred,Selected,Selected
57538,Preferred,,
57457,Preferred,Selected,Selected
57456,Preferred,Selected,Selected
57431,Fallback,Preferred,Fallback
57292,Preferred,Selected,Selected
57274,Preferred,,
57221,Preferred,,
56852,Preferred,Selected,Selected
56523,Preferred,Selected,Selected
56384,Preferred,Selected,Selected
56092,Selected,Preferred,Fallback
56079,Preferred,Selected,Selected
56034,Preferred,,
55644,Preferred,Selected,Selected
55643,Preferred,,
55350,Preferred,Selected,Selected
55315,Preferred,,
55305,Preferred,Selected,Selected
55108,Preferred,Selected,Selected
55106,Preferred,Selected,Selected
55083,Preferred,Selected,Selected
54983,Preferred,Selected,Selected
54963,Preferred,Selected,Selected
54940,Preferred,Selected,Selected
54938,Preferred,,
54728,Preferred,Selected,Selected
54452,Preferred,Selected,Selected
54443,Preferred,Selected,Selected
54414,Preferred,Selected,Selected
54385,Selected,Preferred,
54176,Preferred,Selected,Selected
54011,Preferred,Selected,Selected
53863,Preferred,Selected,Selected
53859,Fallback,Preferred,Fallback
53820,Preferred,,Selected
53819,Preferred,Selected,Selected
53716,,,Preferred
53586,Preferred,Selected,Selected
53517,Selected,Preferred,Fallback
53465,Preferred,Selected,Selected
53382,Preferred,,
53065,Preferred,Selected,Selected
53004,Preferred,Selected,Selected
52953,Preferred,Selected,Selected
52907,Preferred,Selected,Selected
52891,Preferred,Selected,Selected
52888,Preferred,Selected,Selected
52887,Preferred,Selected,Selected
52628,Preferred,Selected,Selected
52579,Preferred,Selected,Selected
52527,Preferred,Selected,
52432,Preferred,Selected,Selected
52430,Preferred,Selected,Selected
52426,Preferred,Selected,Selected
52425,Preferred,Selected,Selected
52423,Preferred,Selected,Selected
52420,Preferred,Selected,Selected
52280,Preferred,Selected,Selected
52240,Preferred,Selected,Selected
52073,Preferred,Selected,Selected
52046,Preferred,Selected,
51991,Preferred,Selected,Selected
51984,Preferred,Selected,Selected
51980,Preferred,Selected,Selected
51969,Preferred,Selected,Selected
51930,Preferred,,
51913,Preferred,Selected,Selected
51806,Preferred,Selected,Selected
51656,Preferred,Selected,Selected
51598,Selected,Selected,Preferred
51597,Fallback,Preferred,Fallback
51570,Preferred,Selected,Selected
51569,Preferred,Selected,Selected
51567,Preferred,Selected,Selected
51517,Preferred,Selected,Selected
51501,Preferred,Selected,Selected
51499,Preferred,Selected,Selected
51491,Preferred,Selected,Selected
51241,Preferred,Selected,Selected
51207,Preferred,Selected,Selected
51189,Preferred,Selected,Selected
50782,Selected,Selected,Preferred
50591,Selected,Selected,Preferred
50590,Preferred,Selected,
50347,Preferred,Selected,Selected
50141,,Preferred,Fallback
50063,Preferred,Selected,Selected
49803,Preferred,Selected,
49711,Preferred,,Selected
49439,Preferred,Selected,Selected
49326,Preferred,Selected,Selected
49264,Preferred,Selected,Selected
49240,Fallback,Preferred,Selected
49236,Preferred,,
49235,Preferred,,
49157,,,Preferred
49153,Preferred,Selected,Selected
48837,Preferred,Selected,Selected
48836,Preferred,Selected,Selected
48772,Preferred,Selected,Selected
48668,Preferred,Selected,Selected
48663,Selected,,Preferred
48659,Preferred,Selected,
48608,Preferred,Selected,Selected
48525,Selected,Preferred,Fallback
48521,Selected,Selected,Preferred
48477,Preferred,Selected,Selected
48465,Preferred,Selected,Selected
48413,Preferred,Selected,Selected
48408,Preferred,Selected,Selected
48406,Preferred,Selected,Selected
48239,Preferred,Selected,Selected
48237,Preferred,Selected,Selected
48003,Preferred,,
47929,Preferred,Selected,Selected
47707,Preferred,,
47705,Preferred,Selected,Selected
47535,Preferred,Selected,Selected
46755,,Fallback,Preferred
46753,Preferred,Selected,Selected
46728,Preferred,Selected,Selected
44052,Selected,Selected,Preferred
43870,Preferred,Selected,Selected
43847,Fallback,Preferred,Fallback
43846,Preferred,,
43424,Preferred,,
43095,Preferred,Selected,Selected
42665,Preferred,Selected,Selected
42636,Preferred,Selected,Selected
42359,Preferred,Selected,Selected
41893,Selected,Preferred,
41892,Preferred,Selected,Selected
41883,Preferred,Selected,Selected
41674,Selected,Selected,Preferred
41671,Fallback,Preferred,Selected
41436,Preferred,Selected,Selected
41375,Preferred,Selected,Selected
41315,,Preferred,
41314,Preferred,Selected,Selected
41126,Preferred,,
41125,Preferred,Selected,
41095,Preferred,Selected,Selected
41074,Preferred,,
41070,Preferred,,
41065,Preferred,Selected,Selected
40902,Preferred,Selected,Selected
40861,Preferred,Selected,
40761,Preferred,,Selected
40759,Preferred,Selected,Selected
40758,Preferred,Selected,Selected
40250,Selected,Preferred,Fallback
40211,Selected,Preferred,Fallback
39887,Preferred,Selected,Selected
39884,Preferred,Selected,Selected
39738,Preferred,,Selected
39736,Preferred,,Selected
39656,Fallback,Preferred,Fallback
39561,,Fallback,Preferred
39270,Selected,Selected,Preferred
39241,Fallback,Fallback,Preferred
38587,,,Preferred
38585,,Preferred,
38584,Preferred,Selected,Selected
38562,Preferred,Selected,Selected
38497,Preferred,,Selected
38437,Preferred,Selected,Selected
38430,Preferred,,
38336,Preferred,Selected,Selected
38214,Preferred,Selected,Selected
37982,Preferred,,
37971,Preferred,Selected,Selected
37809,Preferred,Selected,Selected
37808,Preferred,Selected,Selected
37806,Preferred,Selected,Selected
37732,Preferred,,
37689,Preferred,Selected,Selected
37511,Preferred,Selected,Selected
37503,Preferred,Selected,
37238,Preferred,Selected,Selected
37179,Preferred,Selected,Selected
37176,Preferred,Selected,Selected
37174,Preferred,Selected,Selected
37106,Fallback,Preferred,Selected
37105,Preferred,Selected,Selected
37104,Preferred,Selected,Selected
37102,Fallback,Preferred,Selected
37101,Preferred,Selected,Selected
37099,Preferred,Selected,Selected
37005,Preferred,,
36989,Preferred,Selected,Selected
36851,Preferred,Selected,Selected
36846,Preferred,Selected,Selected
36841,Preferred,Selected,Selected
36717,Preferred,Selected,Selected
36395,Preferred,Selected,Selected
36170,Preferred,Selected,Selected
36117,Fallback,Preferred,Selected
35994,Preferred,Selected,Selected
35991,Selected,Selected,Preferred
35921,Preferred,Selected,Selected
35918,Preferred,Selected,Selected
35913,Preferred,Selected,Selected
35912,Preferred,Selected,Selected
35911,Preferred,Selected,Selected
35910,Preferred,Selected,Selected
35908,Selected,Selected,Preferred
35907,Preferred,Selected,Selected
35882,Preferred,Selected,Selected
35862,Preferred,Selected,Selected
35855,Preferred,Selected,
35843,Preferred,Selected,Selected
35693,Preferred,Selected,Selected
35666,Fallback,Preferred,Selected
35663,Preferred,Selected,Selected
35630,Preferred,Selected,Selected
35611,Preferred,Selected,Selected
35582,Preferred,,Selected
35460,Preferred,,
35419,Preferred,Selected,Selected
35418,Fallback,Fallback,Preferred
35396,Preferred,Selected,Selected
35388,Preferred,Selected,Selected
35385,Preferred,Selected,Selected
35336,,Selected,Preferred
35280,Preferred,Selected,
35134,Preferred,,
35101,Preferred,Selected,Selected
35096,Preferred,Selected,Selected
35095,Preferred,Selected,Selected
35092,Preferred,,
35091,Preferred,Selected,Selected
35090,Preferred,Selected,Selected
34894,Preferred,,
34867,Selected,,Preferred
34847,Selected,Selected,Preferred
34564,Preferred,Selected,Selected
34527,Preferred,Selected,Selected
34440,Preferred,,
34439,Preferred,Selected,Selected
34406,Preferred,Selected,
34342,Preferred,Selected,Selected
34341,Preferred,Selected,Selected
34329,Preferred,Selected,Selected
34167,Preferred,Selected,Selected
33870,Preferred,Selected,Selected
33869,Preferred,Selected,Selected
33745,Preferred,,
33742,Preferred,Selected,
33471,,,Preferred
33337,Preferred,Selected,Selected
33336,Preferred,,
33081,Preferred,Selected,Selected
32851,Preferred,,Selected
32334,Preferred,,
32326,Preferred,Selected,Selected
32216,Preferred,Selected,Selected
32142,Preferred,Selected,Selected
31870,Preferred,,
31649,Preferred,Selected,Selected
31590,Selected,Selected,Preferred
31570,Preferred,Selected,Selected
31369,Fallback,Preferred,Fallback
31368,Preferred,Selected,Selected
31354,Preferred,,
31352,Preferred,Selected,Selected
31351,Preferred,,
30580,Preferred,Selected,Selected
30577,Preferred,Selected,Selected
30576,Preferred,Selected,Selected
30429,Preferred,Selected,Selected
30303,Preferred,Selected,Selected
30283,Preferred,,
30244,Preferred,Selected,Selected
30129,Preferred,Selected,Selected
29885,Preferred,Selected,Selected
29719,Preferred,,
29715,Preferred,,
29706,Preferred,Selected,Selected
29547,Preferred,Selected,Selected
29455,Preferred,Selected,Selected
29292,Preferred,Selected,Selected
29234,Preferred,,
29121,Preferred,Selected,Selected
29000,Preferred,Selected,Selected
28954,Preferred,Selected,Selected
28926,Preferred,Selected,Selected
28521,Preferred,Selected,
28510,Selected,Fallback,Preferred
28501,Preferred,Selected,
28480,Preferred,,
28468,Preferred,Selected,Selected
28462,Preferred,Selected,Selected
28324,Preferred,Selected,Selected
28311,Selected,Selected,Preferred
28280,Preferred,Selected,Selected
28199,Preferred,Selected,Selected
28155,Preferred,Selected,Selected
28010,Preferred,Selected,Selected
27969,Selected,Fallback,Preferred
27772,Preferred,Selected,Selected
27696,Preferred,Selected,
27504,Preferred,Selected,Selected
27503,Preferred,Selected,
27502,Preferred,Selected,Selected
27501,Preferred,Selected,Selected
27490,Preferred,Selected,
27425,Preferred,Selected,Selected
27300,Preferred,,
27290,Preferred,Selected,Selected
27140,Preferred,Selected,Selected
26996,Preferred,,
26950,Preferred,,
26681,Preferred,Selected,Selected
26676,Preferred,Selected,Selected
26655,Preferred,Selected,Selected
26602,Preferred,Selected,Selected
26249,Preferred,Selected,Selected
26231,Preferred,Selected,Selected
26025,Preferred,Selected,Selected
25722,Preferred,Selected,Selected
25685,Preferred,Selected,Selected
25684,Preferred,Selected,Selected
25683,Preferred,Selected,Selected
25577,Preferred,Selected,Selected
25544,Preferred,Selected,Selected
25538,Preferred,Selected,Selected
25396,Preferred,Selected,Selected
25395,Preferred,Selected,Selected
25236,Preferred,Selected,Selected
25173,Preferred,,
25090,,Preferred,
25078,Preferred,Selected,Selected
25045,Preferred,,
24981,Preferred,,
24979,Fallback,Preferred,
24978,Fallback,Preferred,Fallback
24975,Preferred,,
24970,Preferred,,
24915,Preferred,Selected,
24812,Preferred,,
24618,Selected,Selected,Preferred
24582,Preferred,,
24570,Preferred,Selected,Selected
24518,Preferred,Selected,Selected
24515,Preferred,Selected,Selected
24514,Preferred,Selected,Selected
24508,Preferred,,
24485,Preferred,Selected,Selected
24436,Preferred,Selected,Selected
24316,Preferred,,
24314,Preferred,Selected,Selected
24287,Preferred,,
24257,Preferred,Selected,Selected
24218,Preferred,Selected,Selected
23942,,Preferred,Fallback
23918,,Preferred,Fallback
23671,Preferred,Selected,
23486,Preferred,,
23394,Preferred,Selected,Selected
23338,Preferred,,
23302,Preferred,,
23264,Preferred,Selected,
23142,Preferred,Selected,Selected
23128,Preferred,Selected,Selected
22826,Preferred,Selected,Selected
22819,Preferred,Selected,Selected
22644,Preferred,Selected,Selected
22591,Preferred,Selected,Selected
22589,Preferred,Selected,Selected
22485,,Selected,Preferred
22245,Fallback,Preferred,Fallback
22201,Preferred,Selected,Selected
22161,Preferred,Selected,Selected
22093,Preferred,,
21801,,Fallback,Preferred
21729,Preferred,Selected,Selected
21726,Preferred,Selected,Selected
21533,Preferred,Selected,Selected
21253,Preferred,Selected,Selected
21252,Preferred,Selected,Selected
21245,Preferred,Selected,Selected
21158,Preferred,,
21156,Preferred,Selected,Selected
21150,Preferred,Selected,Selected
21149,Selected,Fallback,Preferred
20871,Preferred,Selected,Selected
20818,Preferred,,
20624,Preferred,Selected,Selected
20590,Preferred,Selected,Selected
20476,Preferred,Selected,Selected
20426,Preferred,,
19783,Preferred,Selected,Selected
19707,Preferred,,
19654,,,Preferred
19200,Preferred,,Selected
19183,Preferred,Selected,Selected
18894,Preferred,Selected,
18819,Preferred,,
18783,Preferred,Selected,Selected
18753,Selected,Selected,Preferred
18741,Preferred,Selected,Selected
18740,Preferred,Selected,Selected
18736,Preferred,Selected,Selected
18410,Selected,Fallback,Preferred
18301,Preferred,Selected,Selected
18287,Fallback,Preferred,
18285,Preferred,Selected,Selected
18283,Preferred,,
18252,Selected,Fallback,Preferred
17830,Preferred,Selected,Selected
17742,Preferred,Selected,Selected
17625,Selected,Preferred,Fallback
17544,Selected,Selected,Preferred
17464,Selected,Fallback,Preferred
17433,Preferred,,
17203,Preferred,Selected,Selected
17076,Preferred,,
17037,Preferred,Selected,Selected
16962,Preferred,Selected,
16950,Preferred,Selected,Selected
16940,Preferred,Selected,Selected
16930,Fallback,Selected,Preferred
16817,Preferred,Selected,Selected
16788,Preferred,Selected,Selected
16749,Preferred,Selected,Selected
16747,Preferred,,
16744,Preferred,Selected,Selected
16729,Preferred,Selected,Selected
16599,Preferred,,
16455,Preferred,Selected,Selected
16363,Preferred,,
15569,Preferred,,
15507,Preferred,Selected,Selected
15320,Preferred,Selected,Selected
14885,Fallback,Preferred,Fallback
14867,Preferred,Selected,
14682,Preferred,Selected,Selected
14326,Preferred,Selected,Selected
14322,Preferred,Selected,Selected
14315,Preferred,Selected,Selected
14312,Preferred,Selected,Selected
14050,Preferred,Selected,Selected
14040,Preferred,Selected,Selected
14000,Preferred,Selected,Selected
13992,Preferred,,
13991,Preferred,,Selected
13989,Preferred,,Selected
13938,Preferred,Selected,Selected
13933,Preferred,Selected,Selected
13929,Preferred,Selected,Selected
13924,Preferred,Selected,Selected
13607,,Preferred,
13595,Preferred,,
13594,Preferred,,
13456,,,Preferred
13206,Preferred,Selected,Selected
13200,Preferred,,
13060,Preferred,Selected,Selected
12930,Preferred,Selected,Selected
12913,Preferred,,
12896,Preferred,,
12895,Preferred,,
12525,Preferred,Selected,Selected
12499,Preferred,Selected,Selected
12497,Preferred,Selected,Selected
12477,Selected,Preferred,Fallback
12472,Preferred,,Selected
12279,Preferred,Selected,Selected
12144,Preferred,Selected,Selected
12033,Selected,Preferred,Fallback
11913,Preferred,Selected,Selected
11908,Preferred,,
11906,Preferred,,
11893,Preferred,Selected,
11559,Preferred,Selected,Selected
11371,Preferred,Selected,Selected
11264,Preferred,Selected,
11125,Selected,Selected,Preferred
11123,Selected,Selected,Preferred
11118,Preferred,,
11117,Selected,Selected,Preferred
11113,Preferred,,
11033,Fallback,Preferred,Selected
11027,Fallback,Preferred,Selected
10981,Preferred,Selected,Selected
10976,Preferred,Selected,
10897,Preferred,,Selected
10894,Selected,Selected,Preferred
10869,Preferred,Selected,Selected
10645,,Preferred,
10549,Preferred,Selected,Selected
10536,Preferred,Selected,Selected
10535,Preferred,Selected,Selected
10521,Preferred,Selected,Selected
10318,Preferred,Selected,Selected
10265,Preferred,,
10259,Preferred,Selected,Selected
10253,Preferred,Selected,Selected
10245,Preferred,Selected,
10242,Preferred,Selected,Selected
10238,Preferred,Selected,Selected
10213,Preferred,Selected,Selected
10203,Preferred,Selected,Selected
10153,Preferred,Selected,Selected
10133,Preferred,Selected,Selected
10073,Preferred,Selected,Selected
10019,Preferred,Selected,Selected
9999,Preferred,Selected,Selected
9989,Preferred,Selected,Selected
9971,Preferred,Selected,Selected
9939,,,Preferred
9922,Selected,Preferred,Selected
9917,Selected,Preferred,Selected
9913,Selected,Preferred,Selected
9908,Selected,Preferred,Selected
9881,Preferred,Selected,Selected
9766,Preferred,Selected,Selected
9762,Preferred,Selected,Selected
9754,Preferred,Selected,Selected
9739,Preferred,Selected,Selected
9640,Preferred,Selected,
9632,Preferred,Selected,
9628,Preferred,Selected,Selected
9614,Preferred,Selected,Selected
9425,Preferred,Selected,Selected
9375,Preferred,Selected,Selected
9088,Preferred,,
9064,Preferred,Selected,Selected
9054,,,Preferred
9015,Preferred,Selected,Selected
8986,Preferred,Selected,Selected
8653,Preferred,,
8564,,,Preferred
8532,Preferred,,Selected
8500,Selected,Preferred,Fallback
8378,Preferred,Selected,
8241,Preferred,Selected,Selected
8156,Preferred,Selected,Selected
7908,Preferred,Selected,Selected
7841,Preferred,,
7780,Preferred,Selected,Selected
7692,Preferred,Selected,Selected
7651,Preferred,Selected,Selected
7623,Preferred,,
7622,Preferred,Selected,Selected
7078,Preferred,Selected,Selected
6900,Selected,Selected,Preferred
6864,Preferred,,Selected
6838,Preferred,Selected,Selected
6837,Preferred,Selected,Selected
6744,Preferred,,
6669,Preferred,Selected,Selected
6601,Preferred,Selected,Selected
6568,,Preferred,Fallback
6554,Preferred,Selected,Selected
6476,Preferred,Selected,Selected
6093,,Fallback,Preferred
5985,Preferred,Selected,Selected
5982,Preferred,Selected,Selected
5981,Preferred,,
5875,Preferred,,
5801,Preferred,Selected,Selected
5800,Preferred,Selected,Selected
5319,Preferred,Selected,Selected
4939,Preferred,Selected,Selected
4754,Preferred,,
4689,Preferred,Selected,Selected
4688,Selected,Selected,Preferred
4685,Selected,Selected,Preferred
4624,Preferred,Selected,Selected
4593,Selected,Selected,Preferred
4366,Preferred,Selected,Selected
4354,Preferred,,
4353,,Preferred,
4351,,Preferred,
4350,Preferred,,
4349,,Preferred,
4329,Fallback,Preferred,Fallback
4328,Preferred,Selected,Selected
4326,,Preferred,Fallback
4318,Selected,Preferred,
4190,Preferred,Selected,Selected
4152,Preferred,Selected,Selected
4150,Preferred,Selected,
4149,,,Preferred
4110,Preferred,Selected,Selected
4108,Preferred,Selected,Selected
4077,Preferred,Selected,Selected
4035,Preferred,Selected,Selected
3978,Preferred,Selected,Selected
3661,Preferred,,
3659,Preferred,,
3646,Preferred,,
3359,Preferred,Selected,Selected
3255,Fallback,Preferred,Selected
3246,Preferred,,
3228,Preferred,,Selected
3167,Preferred,Selected,Selected
3133,Preferred,,
3113,Preferred,Selected,Selected
3086,Preferred,,
3072,Preferred,Selected,Selected
3032,Selected,Selected,Preferred
3001,Preferred,Selected,Selected
2942,Preferred,,
2784,Selected,Selected,Preferred
2769,,Selected,Preferred
2722,,Preferred,
2650,Preferred,Selected,Selected
2566,Preferred,Selected,Selected
2424,Preferred,,
2370,Preferred,Selected,Selected
2325,Preferred,Selected,Selected
2245,Preferred,,
1222,Preferred,Selected,Selected
1104,Preferred,Selected,Selected
1005,Preferred,,
1002,Preferred,,
999,Preferred,,
998,Preferred,,
701,,,Preferred
629,Preferred,Selected,Selected
617,Preferred,Selected,Selected
591,Selected,,Preferred
455,Preferred,Selected,Selected
450,Preferred,Selected,Selected
418,Preferred,Selected,Selected
363,Preferred,Selected,Selected
361,Preferred,Selected,Selected
349,Preferred,Selected,Selected
334,Preferred,Selected,Selected
308,Selected,,Preferred
269,Preferred,Selected,Selected
267,Preferred,Selected,Selected
259,Preferred,Selected,Selected
257,Preferred,Selected,Selected
144,Preferred,Selected,Selected
131,Preferred,Selected,Selected
125,Preferred,Selected,Selected
